[
  {
    "icao_code": "AGGG",
    "fir_name": "Honiara",
    "acc_name": "Honiara ACC",
    "type": "",
    "country": "Solomon Islands"
  },
  {
    "icao_code": "ANAU",
    "fir_name": "Nauru",
    "acc_name": "Nauru ACC",
    "type": "",
    "country": "Nauru"
  },
  {
    "icao_code": "AYPM",
    "fir_name": "Port Moresby",
    "acc_name": "Port Moresby ACC",
    "type": "",
    "country": "Papua New Guinea"
  },
  {
    "icao_code": "BGGL",
    "fir_name": "Nuuk",
    "acc_name": "Nuuk ACC",
    "type": "",
    "country": "Greenland ( Denmark)"
  },
  {
    "icao_code": "BIRD",
    "fir_name": "Reykjavík",
    "acc_name": "Reykjavík ACC",
    "type": "",
    "country": "Iceland"
  },
  {
    "icao_code": "CZEG",
    "fir_name": "Edmonton",
    "acc_name": "Edmonton ACC",
    "type": "",
    "country": "Canada"
  },
  {
    "icao_code": "CZQM",
    "fir_name": "Moncton",
    "acc_name": "Moncton ACC",
    "type": "",
    "country": "Canada"
  },
  {
    "icao_code": "CZQX",
    "fir_name": "Gander",
    "acc_name": "Gander ACC",
    "type": "",
    "country": "Canada"
  },
  {
    "icao_code": "CZQX",
    "fir_name": "Gander Oceanic",
    "acc_name": "Gander ACC",
    "type": "Oceanic",
    "country": "Canada"
  },
  {
    "icao_code": "CZUL",
    "fir_name": "Montreal",
    "acc_name": "Montreal ACC",
    "type": "",
    "country": "Canada"
  },
  {
    "icao_code": "CZVR",
    "fir_name": "Vancouver",
    "acc_name": "Vancouver ACC",
    "type": "",
    "country": "Canada"
  },
  {
    "icao_code": "CZWG",
    "fir_name": "Winnipeg",
    "acc_name": "Winnipeg ACC",
    "type": "",
    "country": "Canada"
  },
  {
    "icao_code": "CZYZ",
    "fir_name": "Toronto",
    "acc_name": "Toronto ACC",
    "type": "",
    "country": "Canada"
  },
  {
    "icao_code": "DAAA",
    "fir_name": "Alger",
    "acc_name": "Alger ACC",
    "type": "",
    "country": "Algeria"
  },
  {
    "icao_code": "DGAC",
    "fir_name": "Accra",
    "acc_name": "Accra ACC",
    "type": "",
    "country": "Benin/ Ghana/ Togo"
  },
  {
    "icao_code": "DIII",
    "fir_name": "Dakar[2]",
    "acc_name": "Abidjan ACC",
    "type": "Oceanic",
    "country": "Ivory Coast"
  },
  {
    "icao_code": "DNKK",
    "fir_name": "Kano",
    "acc_name": "Kano ACC",
    "type": "",
    "country": "Nigeria"
  },
  {
    "icao_code": "DRRR",
    "fir_name": "Niamey",
    "acc_name": "Niamey ACC",
    "type": "",
    "country": "Benin/ Burkina Faso/ Mali/ Niger"
  },
  {
    "icao_code": "DTTC",
    "fir_name": "Tunis",
    "acc_name": "Tunis ACC",
    "type": "",
    "country": "Tunisia"
  },
  {
    "icao_code": "EBBU",
    "fir_name": "Bruxelles",
    "acc_name": "Brussels ACC",
    "type": "",
    "country": "Belgium/ Luxembourg"
  },
  {
    "icao_code": "EDGG",
    "fir_name": "Langen",
    "acc_name": "Langen ACC",
    "type": "",
    "country": "Germany"
  },
  {
    "icao_code": "EDMM",
    "fir_name": "München",
    "acc_name": "Munich ACC",
    "type": "",
    "country": "Germany"
  },
  {
    "icao_code": "EDUU[3]",
    "fir_name": "Rhein UIR",
    "acc_name": "Rhein UAC",
    "type": "UIR",
    "country": "Germany"
  },
  {
    "icao_code": "EDWW",
    "fir_name": "Bremen",
    "acc_name": "Bremen ACC",
    "type": "",
    "country": "Germany"
  },
  {
    "icao_code": "EDYY",
    "fir_name": "IFPZ (Eurocontrol)",
    "acc_name": "Maastricht ACC",
    "type": "UIR",
    "country": "Belgium/ Germany/ Netherlands"
  },
  {
    "icao_code": "EETT",
    "fir_name": "Tallinn",
    "acc_name": "Tallinn ACC",
    "type": "",
    "country": "Estonia"
  },
  {
    "icao_code": "EFIN",
    "fir_name": "Finland",
    "acc_name": "Helsinki ACC",
    "type": "",
    "country": "Finland"
  },
  {
    "icao_code": "EGGX",
    "fir_name": "Shanwick Oceanic",
    "acc_name": "Shanwick Oceanic ACC",
    "type": "Oceanic",
    "country": "United Kingdom/ Ireland"
  },
  {
    "icao_code": "EGPX",
    "fir_name": "Scottish",
    "acc_name": "Scottish ACC",
    "type": "",
    "country": "United Kingdom"
  },
  {
    "icao_code": "EGQQ",
    "fir_name": "Scottish",
    "acc_name": "Scottish ACC (Mil)",
    "type": "Military",
    "country": "United Kingdom"
  },
  {
    "icao_code": "EGTT",
    "fir_name": "London",
    "acc_name": "London ACC",
    "type": "",
    "country": "United Kingdom"
  },
  {
    "icao_code": "EHAA",
    "fir_name": "Amsterdam",
    "acc_name": "Amsterdam ACC",
    "type": "",
    "country": "Netherlands"
  },
  {
    "icao_code": "EISN",
    "fir_name": "Shannon",
    "acc_name": "Shannon ACC",
    "type": "",
    "country": "Ireland"
  },
  {
    "icao_code": "EKDK",
    "fir_name": "København",
    "acc_name": "Copenhagen ACC",
    "type": "",
    "country": "Denmark"
  },
  {
    "icao_code": "ENOB",
    "fir_name": "Bodo",
    "acc_name": "Bodø ATCC",
    "type": "Oceanic",
    "country": "Norway"
  },
  {
    "icao_code": "ENOR",
    "fir_name": "Norway",
    "acc_name": "Polaris ACC",
    "type": "",
    "country": "Norway"
  },
  {
    "icao_code": "EPWW",
    "fir_name": "Warsawa",
    "acc_name": "Warszawa ACC",
    "type": "",
    "country": "Poland"
  },
  {
    "icao_code": "ESAA",
    "fir_name": "Sweden",
    "acc_name": "Stockholm ACC",
    "type": "",
    "country": "Sweden"
  },
  {
    "icao_code": "ESMM[4]",
    "fir_name": "Sweden",
    "acc_name": "Malmo ACC",
    "type": "",
    "country": "Sweden"
  },
  {
    "icao_code": "EVRR",
    "fir_name": "Riga",
    "acc_name": "Riga ACC",
    "type": "",
    "country": "Latvia"
  },
  {
    "icao_code": "EYVL",
    "fir_name": "Vilnius",
    "acc_name": "Vilnius ACC",
    "type": "",
    "country": "Lithuania"
  },
  {
    "icao_code": "FACA",
    "fir_name": "Capetown",
    "acc_name": "Cape Town ACC",
    "type": "",
    "country": "South Africa"
  },
  {
    "icao_code": "FAJO",
    "fir_name": "Johannesburg Oceanic",
    "acc_name": "Johannesburg Oceanic ACC",
    "type": "Oceanic",
    "country": "South Africa"
  },
  {
    "icao_code": "FAJA",
    "fir_name": "Johannesburg",
    "acc_name": "Johannesburg ACC",
    "type": "",
    "country": "Lesotho/ South Africa/ Swaziland[5]"
  },
  {
    "icao_code": "FBGR",
    "fir_name": "Gaborone",
    "acc_name": "Gaborone ACC",
    "type": "",
    "country": "Botswana"
  },
  {
    "icao_code": "FCCC",
    "fir_name": "Brazzaville",
    "acc_name": "Brazzaville ACC",
    "type": "",
    "country": "Cameroon/ Central African Republic/ Congo/ Equatorial Guinea/ Gabon/ Sao Tome and Principe"
  },
  {
    "icao_code": "FIMM",
    "fir_name": "Mauritius",
    "acc_name": "Mauritius ACC",
    "type": "",
    "country": "Mauritius"
  },
  {
    "icao_code": "FLFI",
    "fir_name": "Zambia",
    "acc_name": "Lusaka ACC",
    "type": "",
    "country": "Zambia"
  },
  {
    "icao_code": "FMMM",
    "fir_name": "Antananarivo",
    "acc_name": "Antananarivo ACC",
    "type": "",
    "country": "Madagascar"
  },
  {
    "icao_code": "FNAN",
    "fir_name": "Luanda",
    "acc_name": "Luanda ACC",
    "type": "",
    "country": "Angola"
  },
  {
    "icao_code": "FOOO[6]",
    "fir_name": "Libreville",
    "acc_name": "Libreville ACC",
    "type": "",
    "country": "Gabon"
  },
  {
    "icao_code": "FQBE",
    "fir_name": "Beira",
    "acc_name": "Beira ACC",
    "type": "",
    "country": "Mozambique"
  },
  {
    "icao_code": "FSSS",
    "fir_name": "Seychelles",
    "acc_name": "Seychelles ACC",
    "type": "",
    "country": "Seychelles"
  },
  {
    "icao_code": "FTTT",
    "fir_name": "N'Djamena",
    "acc_name": "N'Djamena ACC",
    "type": "",
    "country": "Cameroon/ Central African Republic/ Chad"
  },
  {
    "icao_code": "FVHF",
    "fir_name": "Harare",
    "acc_name": "Harare ACC",
    "type": "",
    "country": "Zimbabwe"
  },
  {
    "icao_code": "FWLL",
    "fir_name": "Lilongwe",
    "acc_name": "Lilongwe ACC",
    "type": "",
    "country": "Malawi"
  },
  {
    "icao_code": "FYWF",
    "fir_name": "Windhoek",
    "acc_name": "Windhoek ACC",
    "type": "",
    "country": "Namibia"
  },
  {
    "icao_code": "FZZA",
    "fir_name": "Kinshasa",
    "acc_name": "Kinshasa ACC",
    "type": "",
    "country": "Congo, Democratic Republic of the"
  },
  {
    "icao_code": "GCCC",
    "fir_name": "Canarias",
    "acc_name": "Canarias ACC",
    "type": "",
    "country": "Canary Islands ( Spain)/ Western Sahara"
  },
  {
    "icao_code": "GLRB",
    "fir_name": "Roberts",
    "acc_name": "Roberts ACC",
    "type": "",
    "country": "Guinea/ Liberia/ Sierra Leone"
  },
  {
    "icao_code": "GMMM",
    "fir_name": "Casablanca",
    "acc_name": "Casablanca ACC",
    "type": "",
    "country": "Morocco"
  },
  {
    "icao_code": "GOOO",
    "fir_name": "Dakar",
    "acc_name": "Dakar ACC",
    "type": "Oceanic[7]",
    "country": "Ivory Coast/ Gambia/ Mali/ Mauritania/ Senegal"
  },
  {
    "icao_code": "GVSC",
    "fir_name": "Sal Oceanic",
    "acc_name": "Sal Oceanic ACC",
    "type": "Oceanic",
    "country": "Cape Verde"
  },
  {
    "icao_code": "HAAA",
    "fir_name": "Addis Ababa",
    "acc_name": "Addis Ababa ACC",
    "type": "",
    "country": "Ethiopia"
  },
  {
    "icao_code": "HBBA",
    "fir_name": "Bujumbura",
    "acc_name": "Bujumbura ACC",
    "type": "",
    "country": "Burundi"
  },
  {
    "icao_code": "HCSM",
    "fir_name": "Mogadishu",
    "acc_name": "Mogadishu ACC",
    "type": "",
    "country": "Somalia"
  },
  {
    "icao_code": "HECC",
    "fir_name": "Cairo",
    "acc_name": "Cairo ACC",
    "type": "",
    "country": "Egypt"
  },
  {
    "icao_code": "HHAA",
    "fir_name": "Asmara",
    "acc_name": "Asmara ACC",
    "type": "",
    "country": "Eritrea"
  },
  {
    "icao_code": "HKNA",
    "fir_name": "Nairobi",
    "acc_name": "Nairobi ACC",
    "type": "",
    "country": "Kenya"
  },
  {
    "icao_code": "HLLL",
    "fir_name": "Tripoli",
    "acc_name": "Tripoli ACC",
    "type": "",
    "country": "Libya"
  },
  {
    "icao_code": "HRYR",
    "fir_name": "Kigali",
    "acc_name": "Kigali ACC",
    "type": "",
    "country": "Rwanda"
  },
  {
    "icao_code": "HSSX",
    "fir_name": "Khartoum",
    "acc_name": "Khartoum ACC",
    "type": "",
    "country": "Sudan"
  },
  {
    "icao_code": "HTDC",
    "fir_name": "Dar es-Salaam",
    "acc_name": "Dar es Salaam ACC",
    "type": "",
    "country": "Tanzania"
  },
  {
    "icao_code": "HUEC",
    "fir_name": "Entebbe",
    "acc_name": "Entebbe ACC",
    "type": "",
    "country": "Uganda"
  },
  {
    "icao_code": "IFPS",
    "fir_name": "IFPZ (Eurocontrol)",
    "acc_name": "Eurocontrol",
    "type": "Eurocontrol",
    "country": "Eurocontrol"
  },
  {
    "icao_code": "KZAB",
    "fir_name": "Albuquerque",
    "acc_name": "Albuquerque ARTCC",
    "type": "",
    "country": "United States"
  },
  {
    "icao_code": "KZAK",
    "fir_name": "Oakland Oceanic",
    "acc_name": "Oakland ARTCC",
    "type": "Oceanic",
    "country": "Micronesia/ Marshall Islands/ Palau/ United States"
  },
  {
    "icao_code": "KZAU",
    "fir_name": "Chicago",
    "acc_name": "Chicago ARTCC",
    "type": "",
    "country": "United States"
  },
  {
    "icao_code": "KZBW",
    "fir_name": "Boston",
    "acc_name": "Boston ARTCC",
    "type": "",
    "country": "United States"
  },
  {
    "icao_code": "KZDC",
    "fir_name": "Washington",
    "acc_name": "Washington ARTCC",
    "type": "",
    "country": "United States"
  },
  {
    "icao_code": "KZDV",
    "fir_name": "Denver",
    "acc_name": "Denver ARTCC",
    "type": "",
    "country": "United States"
  },
  {
    "icao_code": "KZFW",
    "fir_name": "Fort Worth",
    "acc_name": "Fort Worth ARTCC",
    "type": "",
    "country": "United States"
  },
  {
    "icao_code": "KZHU",
    "fir_name": "Houston",
    "acc_name": "Houston ARTCC",
    "type": "",
    "country": "United States"
  },
  {
    "icao_code": "KZHU",
    "fir_name": "Houston Oceanic",
    "acc_name": "Houston ARTCC",
    "type": "Oceanic",
    "country": "United States"
  },
  {
    "icao_code": "KZID",
    "fir_name": "Indianapolis",
    "acc_name": "Indianapolis ARTCC",
    "type": "",
    "country": "United States"
  },
  {
    "icao_code": "KZJX",
    "fir_name": "Jacksonville",
    "acc_name": "Jacksonville ARTCC",
    "type": "",
    "country": "United States"
  },
  {
    "icao_code": "KZKC",
    "fir_name": "Kansas City",
    "acc_name": "Kansas City ARTCC",
    "type": "",
    "country": "United States"
  },
  {
    "icao_code": "KZLA",
    "fir_name": "Los Angeles",
    "acc_name": "Los Angeles ARTCC",
    "type": "",
    "country": "United States"
  },
  {
    "icao_code": "KZLC",
    "fir_name": "Salt Lake",
    "acc_name": "Salt Lake ARTCC",
    "type": "",
    "country": "United States"
  },
  {
    "icao_code": "KZMA",
    "fir_name": "Miami",
    "acc_name": "Miami ARTCC",
    "type": "",
    "country": "United States"
  },
  {
    "icao_code": "KZMA",
    "fir_name": "Miami Oceanic",
    "acc_name": "Miami ARTCC",
    "type": "Oceanic",
    "country": "Turks and Caicos ( United Kingdom)/ United States"
  },
  {
    "icao_code": "KZME",
    "fir_name": "Memphis",
    "acc_name": "Memphis ARTCC",
    "type": "",
    "country": "United States"
  },
  {
    "icao_code": "KZMP",
    "fir_name": "Minneapolis",
    "acc_name": "Minneapolis ARTCC",
    "type": "",
    "country": "United States"
  },
  {
    "icao_code": "KZNY",
    "fir_name": "New York",
    "acc_name": "New York ARTCC",
    "type": "",
    "country": "United States"
  },
  {
    "icao_code": "KZOA",
    "fir_name": "Oakland (En route)",
    "acc_name": "Oakland ARTCC",
    "type": "",
    "country": "United States"
  },
  {
    "icao_code": "KZOB",
    "fir_name": "Cleveland",
    "acc_name": "Cleveland ARTCC",
    "type": "",
    "country": "United States"
  },
  {
    "icao_code": "KZSE",
    "fir_name": "Seattle",
    "acc_name": "Seattle ARTCC",
    "type": "",
    "country": "United States"
  },
  {
    "icao_code": "KZTL",
    "fir_name": "Atlanta",
    "acc_name": "Atlanta ARTCC",
    "type": "",
    "country": "United States"
  },
  {
    "icao_code": "KZWY",
    "fir_name": "New York Oceanic",
    "acc_name": "New York ARTCC",
    "type": "Oceanic",
    "country": "Bermuda ( United Kingdom)/ United States"
  },
  {
    "icao_code": "LAAA",
    "fir_name": "Tirana",
    "acc_name": "Tirana ACC",
    "type": "",
    "country": "Albania"
  },
  {
    "icao_code": "LBSR",
    "fir_name": "Sofia",
    "acc_name": "Sofia ACC",
    "type": "",
    "country": "Bulgaria"
  },
  {
    "icao_code": "LCCC",
    "fir_name": "Nicosia",
    "acc_name": "Nicosia ACC",
    "type": "",
    "country": "Cyprus"
  },
  {
    "icao_code": "LDZO",
    "fir_name": "Zagreb",
    "acc_name": "Zagreb ACC",
    "type": "",
    "country": "Croatia"
  },
  {
    "icao_code": "LECB",
    "fir_name": "Barcelona",
    "acc_name": "Barcelona ACC",
    "type": "",
    "country": "Spain"
  },
  {
    "icao_code": "LECM",
    "fir_name": "Madrid",
    "acc_name": "Madrid ACC",
    "type": "",
    "country": "Spain"
  },
  {
    "icao_code": "LECS",
    "fir_name": "Sevilla",
    "acc_name": "Sevilla ACC[8]",
    "type": "",
    "country": "Spain"
  },
  {
    "icao_code": "LFBB",
    "fir_name": "Bordeaux",
    "acc_name": "Bordeaux ACC",
    "type": "",
    "country": "France"
  },
  {
    "icao_code": "LFEE",
    "fir_name": "Reims",
    "acc_name": "Reims ACC",
    "type": "",
    "country": "France"
  },
  {
    "icao_code": "LFFF",
    "fir_name": "Paris",
    "acc_name": "Paris ACC",
    "type": "",
    "country": "France"
  },
  {
    "icao_code": "LFMM",
    "fir_name": "Marseille",
    "acc_name": "Marseille ACC",
    "type": "",
    "country": "France"
  },
  {
    "icao_code": "LFRR",
    "fir_name": "Brest",
    "acc_name": "Brest ACC",
    "type": "",
    "country": "France"
  },
  {
    "icao_code": "LGGG",
    "fir_name": "Athens",
    "acc_name": "Athens ACC",
    "type": "",
    "country": "Greece"
  },
  {
    "icao_code": "LHCC",
    "fir_name": "Budapest",
    "acc_name": "Budapest ACC",
    "type": "",
    "country": "Hungary"
  },
  {
    "icao_code": "LIBB",
    "fir_name": "Brindisi",
    "acc_name": "Brindisi ACC",
    "type": "",
    "country": "Italy"
  },
  {
    "icao_code": "LIMM",
    "fir_name": "Milano",
    "acc_name": "Milano ACC\nPadova ACC",
    "type": "",
    "country": "Italy"
  },
  {
    "icao_code": "LIRR",
    "fir_name": "Roma",
    "acc_name": "Roma ACC",
    "type": "",
    "country": "Italy"
  },
  {
    "icao_code": "LJLA",
    "fir_name": "Ljubljana",
    "acc_name": "Ljubljana ACC",
    "type": "",
    "country": "Slovenia"
  },
  {
    "icao_code": "LKAA",
    "fir_name": "Praha",
    "acc_name": "Praha ACC",
    "type": "",
    "country": "Czech Republic"
  },
  {
    "icao_code": "LLLL",
    "fir_name": "Tel-Aviv",
    "acc_name": "Tel-Aviv ACC",
    "type": "",
    "country": "Israel"
  },
  {
    "icao_code": "LMMM",
    "fir_name": "Malta",
    "acc_name": "Malta ACC",
    "type": "",
    "country": "Malta"
  },
  {
    "icao_code": "LOVV",
    "fir_name": "Wien",
    "acc_name": "Wien ACC",
    "type": "",
    "country": "Austria"
  },
  {
    "icao_code": "LPPC",
    "fir_name": "Lisboa",
    "acc_name": "Lisboa ACC",
    "type": "",
    "country": "Portugal"
  },
  {
    "icao_code": "LPPO",
    "fir_name": "Santa Maria",
    "acc_name": "Santa Maria OAC[8]",
    "type": "Oceanic",
    "country": "Azores ( Portugal)"
  },
  {
    "icao_code": "LQSB",
    "fir_name": "Sarajevo",
    "acc_name": "Sarajevo ACC",
    "type": "",
    "country": "Bosnia and Herzegovina"
  },
  {
    "icao_code": "LRBB",
    "fir_name": "Bucureşti",
    "acc_name": "Bucuresti ACC",
    "type": "",
    "country": "Romania"
  },
  {
    "icao_code": "LSAG",
    "fir_name": "Geneve",
    "acc_name": "Geneve ACC[9]",
    "type": "",
    "country": " Switzerland"
  },
  {
    "icao_code": "LSAS",
    "fir_name": "Switzerland",
    "acc_name": "Switzerland ACC",
    "type": "",
    "country": " Switzerland"
  },
  {
    "icao_code": "LSAZ",
    "fir_name": "Zurich",
    "acc_name": "Zurich ACC",
    "type": "",
    "country": " Switzerland"
  },
  {
    "icao_code": "LTAA",
    "fir_name": "Ankara",
    "acc_name": "Ankara ACC",
    "type": "",
    "country": "Turkey"
  },
  {
    "icao_code": "LTBB",
    "fir_name": "Istanbul",
    "acc_name": "Istanbul ACC",
    "type": "",
    "country": "Turkey"
  },
  {
    "icao_code": "LUUU",
    "fir_name": "Chisinau",
    "acc_name": "Chisinau ACC",
    "type": "",
    "country": "Moldova"
  },
  {
    "icao_code": "LWSS",
    "fir_name": "Skopje",
    "acc_name": "Skopje ACC",
    "type": "",
    "country": "North Macedonia"
  },
  {
    "icao_code": "LYBA",
    "fir_name": "Beograd",
    "acc_name": "Beograd ACC",
    "type": "",
    "country": "Serbia"
  },
  {
    "icao_code": "LZBB",
    "fir_name": "Bratislava",
    "acc_name": "Bratislava ACC",
    "type": "",
    "country": "Slovakia"
  },
  {
    "icao_code": "MDCS",
    "fir_name": "Santo Domingo",
    "acc_name": "Santo Domingo ACC",
    "type": "",
    "country": "Dominican Republic"
  },
  {
    "icao_code": "MHCC",
    "fir_name": "Central American",
    "acc_name": "CENAMER ACC[10]",
    "type": "",
    "country": "Belize/ Costa Rica/ El Salvador/ Guatemala/ Honduras/ Nicaragua"
  },
  {
    "icao_code": "MKJK",
    "fir_name": "Kingston",
    "acc_name": "Kingston ACC",
    "type": "",
    "country": "Jamaica"
  },
  {
    "icao_code": "MMFO",
    "fir_name": "Mazatlan Oceanic",
    "acc_name": "Mazatlan Oceanic ACC",
    "type": "Oceanic",
    "country": "Mexico"
  },
  {
    "icao_code": "MMFR",
    "fir_name": "Mexico",
    "acc_name": "Mexico ACC",
    "type": "",
    "country": "Mexico"
  },
  {
    "icao_code": "MPZL",
    "fir_name": "Panama",
    "acc_name": "Panama ACC",
    "type": "",
    "country": "Panama"
  },
  {
    "icao_code": "MTEG",
    "fir_name": "Port-au-Prince",
    "acc_name": "Port-au-Prince ACC",
    "type": "",
    "country": "Haiti"
  },
  {
    "icao_code": "MUFH",
    "fir_name": "Habana",
    "acc_name": "Habana ACC",
    "type": "",
    "country": "Cuba"
  },
  {
    "icao_code": "MYNA",
    "fir_name": "Nassau",
    "acc_name": "Nassau ACC",
    "type": "",
    "country": "Bahamas"
  },
  {
    "icao_code": "NFFF",
    "fir_name": "Fiji",
    "acc_name": "Nadi ACC",
    "type": "",
    "country": "New Caledonia ( France)"
  },
  {
    "icao_code": "NFFF",
    "fir_name": "Nadi",
    "acc_name": "Nadi ACC",
    "type": "",
    "country": "Fiji/ Kiribati/ Vanuatu"
  },
  {
    "icao_code": "NTTT",
    "fir_name": "Tahiti",
    "acc_name": "Tahiti ACC",
    "type": "",
    "country": "French Polynesia ( France)"
  },
  {
    "icao_code": "NZZC",
    "fir_name": "New Zealand",
    "acc_name": "Christchurch ACC[11]",
    "type": "",
    "country": "New Zealand"
  },
  {
    "icao_code": "NZZO",
    "fir_name": "Auckland Oceanic",
    "acc_name": "Auckland OAC[11]",
    "type": "Oceanic",
    "country": "New Zealand"
  },
  {
    "icao_code": "OAKX",
    "fir_name": "Kabul",
    "acc_name": "Kabul ACC",
    "type": "",
    "country": "Afghanistan"
  },
  {
    "icao_code": "OBBB",
    "fir_name": "Bahrain",
    "acc_name": "Bahrain ACC",
    "type": "",
    "country": "Bahrain"
  },
  {
    "icao_code": "OEJD",
    "fir_name": "Jeddah",
    "acc_name": "Jeddah ACC",
    "type": "",
    "country": "Saudi Arabia"
  },
  {
    "icao_code": "OIIX",
    "fir_name": "Tehran",
    "acc_name": "Tehran ACC",
    "type": "",
    "country": "Iran"
  },
  {
    "icao_code": "OJAC",
    "fir_name": "Amman",
    "acc_name": "Amman ACC",
    "type": "",
    "country": "Jordan"
  },
  {
    "icao_code": "OKAC",
    "fir_name": "Kuwait",
    "acc_name": "Kuwait ACC",
    "type": "",
    "country": "Kuwait"
  },
  {
    "icao_code": "OLBB",
    "fir_name": "Beirut",
    "acc_name": "Beirut ACC",
    "type": "",
    "country": "Lebanon"
  },
  {
    "icao_code": "OMAE",
    "fir_name": "Emirates",
    "acc_name": "Emirates ACC",
    "type": "",
    "country": "United Arab Emirates"
  },
  {
    "icao_code": "OOMM",
    "fir_name": "Muscat",
    "acc_name": "Muscat ACC",
    "type": "",
    "country": "Oman"
  },
  {
    "icao_code": "OPKR",
    "fir_name": "Karachi",
    "acc_name": "Karachi ACC",
    "type": "",
    "country": "Pakistan"
  },
  {
    "icao_code": "OPLR",
    "fir_name": "Lahore",
    "acc_name": "Lahore ACC",
    "type": "",
    "country": "Pakistan"
  },
  {
    "icao_code": "ORBB",
    "fir_name": "Baghdad",
    "acc_name": "Baghdad ACC",
    "type": "",
    "country": "Iraq"
  },
  {
    "icao_code": "OSTT",
    "fir_name": "Damascus",
    "acc_name": "Damascus ACC",
    "type": "",
    "country": "Syria"
  },
  {
    "icao_code": "OYSC",
    "fir_name": "Sanaa",
    "acc_name": "Sanaa ACC",
    "type": "",
    "country": "Yemen"
  },
  {
    "icao_code": "PAZA",
    "fir_name": "Anchorage Continental",
    "acc_name": "Anchorage ARTCC",
    "type": "",
    "country": "United States"
  },
  {
    "icao_code": "PAZN",
    "fir_name": "Anchorage Oceanic",
    "acc_name": "Anchorage ARTCC",
    "type": "Oceanic",
    "country": "United States"
  },
  {
    "icao_code": "PHZH",
    "fir_name": "Honolulu",
    "acc_name": "Honolulu ACC",
    "type": "",
    "country": "United States"
  },
  {
    "icao_code": "RCAA",
    "fir_name": "Taibei",
    "acc_name": "Taipei ACC",
    "type": "",
    "country": "Taiwan"
  },
  {
    "icao_code": "RJBE",
    "fir_name": "Fukuoka",
    "acc_name": "Kobe ACC[12]",
    "type": "",
    "country": "Japan"
  },
  {
    "icao_code": "RJCG",
    "fir_name": "Fukuoka",
    "acc_name": "Sapporo ACC[12]",
    "type": "",
    "country": "Japan"
  },
  {
    "icao_code": "RJFF",
    "fir_name": "Fukuoka",
    "acc_name": "Fukuoka ACC[12]",
    "type": "",
    "country": "Japan"
  },
  {
    "icao_code": "RJJJ",
    "fir_name": "Fukuoka",
    "acc_name": "Air Traffic Management Center[12]",
    "type": "",
    "country": "Japan"
  },
  {
    "icao_code": "RJTG",
    "fir_name": "Fukuoka",
    "acc_name": "Tokyo ACC[12]",
    "type": "",
    "country": "Japan"
  },
  {
    "icao_code": "RKRR",
    "fir_name": "Incheon",
    "acc_name": "Incheon ACC",
    "type": "",
    "country": "South Korea"
  },
  {
    "icao_code": "RPHI",
    "fir_name": "Manila",
    "acc_name": "Manila ACC",
    "type": "",
    "country": "Philippines"
  },
  {
    "icao_code": "SACF",
    "fir_name": "Cordoba",
    "acc_name": "Cordoba ACC",
    "type": "",
    "country": "Argentina"
  },
  {
    "icao_code": "SACU",
    "fir_name": "Cordoba UIR[citation needed]",
    "acc_name": "Cordoba UIR",
    "type": "UIR",
    "country": "Argentina"
  },
  {
    "icao_code": "SAEF",
    "fir_name": "Ezeiza",
    "acc_name": "Ezeiza ACC",
    "type": "",
    "country": "Argentina"
  },
  {
    "icao_code": "SAEU",
    "fir_name": "Ezeiza UIR[citation needed]",
    "acc_name": "Ezeiza UIR",
    "type": "UIR",
    "country": "Argentina"
  },
  {
    "icao_code": "SAMF",
    "fir_name": "Mendoza",
    "acc_name": "Mendoza ACC",
    "type": "",
    "country": "Argentina"
  },
  {
    "icao_code": "SAMV",
    "fir_name": "Mendoza UIR[citation needed]",
    "acc_name": "Mendoza UIR",
    "type": "UIR",
    "country": "Argentina"
  },
  {
    "icao_code": "SARR",
    "fir_name": "Resistencia",
    "acc_name": "Resistencia ACC",
    "type": "",
    "country": "Argentina"
  },
  {
    "icao_code": "SAVF",
    "fir_name": "Comodoro Rivadavia",
    "acc_name": "Comodoro Rivadavia ACC",
    "type": "",
    "country": "Argentina"
  },
  {
    "icao_code": "SAVU",
    "fir_name": "Comodoro Rivadavia UIR[citation needed]",
    "acc_name": "Comodoro Rivadavia UIR",
    "type": "UIR",
    "country": "Argentina"
  },
  {
    "icao_code": "SBAO",
    "fir_name": "Atlantico",
    "acc_name": "Atlantico ACC",
    "type": "",
    "country": "Brazil"
  },
  {
    "icao_code": "SBAZ",
    "fir_name": "Amazonica",
    "acc_name": "Amazonica ACC",
    "type": "",
    "country": "Brazil"
  },
  {
    "icao_code": "SBBS",
    "fir_name": "Brasilia",
    "acc_name": "Brasilia ACC",
    "type": "",
    "country": "Brazil"
  },
  {
    "icao_code": "SBCW",
    "fir_name": "Curitiba",
    "acc_name": "Curitiba ACC",
    "type": "",
    "country": "Brazil"
  },
  {
    "icao_code": "SBRE",
    "fir_name": "Recife",
    "acc_name": "Recife ACC",
    "type": "",
    "country": "Brazil"
  },
  {
    "icao_code": "SCCZ",
    "fir_name": "Punta Arenas",
    "acc_name": "Punta Arenas ACC",
    "type": "",
    "country": "Chile"
  },
  {
    "icao_code": "SCEZ",
    "fir_name": "Santiago",
    "acc_name": "Santiago ACC",
    "type": "",
    "country": "Chile"
  },
  {
    "icao_code": "SCFZ",
    "fir_name": "Antofagasta",
    "acc_name": "Antofagasta ACC",
    "type": "",
    "country": "Chile"
  },
  {
    "icao_code": "SCIZ",
    "fir_name": "Easter Island",
    "acc_name": "Easter Island ACC",
    "type": "",
    "country": "Easter Island ( Chile)"
  },
  {
    "icao_code": "SCTZ",
    "fir_name": "Puerto Montt",
    "acc_name": "Puerto Montt ACC",
    "type": "",
    "country": "Chile"
  },
  {
    "icao_code": "SEFG",
    "fir_name": "Guayaquil",
    "acc_name": "Guayaquil ACC",
    "type": "",
    "country": "Ecuador"
  },
  {
    "icao_code": "SGFA",
    "fir_name": "Asuncion",
    "acc_name": "Asuncion ACC",
    "type": "",
    "country": "Paraguay"
  },
  {
    "icao_code": "SKEC",
    "fir_name": "Barranquilla",
    "acc_name": "Barranquilla ACC",
    "type": "",
    "country": "Colombia"
  },
  {
    "icao_code": "SKED",
    "fir_name": "Bogota",
    "acc_name": "Bogota ACC",
    "type": "",
    "country": "Colombia"
  },
  {
    "icao_code": "SLLF",
    "fir_name": "La Paz",
    "acc_name": "La Paz ACC",
    "type": "",
    "country": "Bolivia"
  },
  {
    "icao_code": "SMPM",
    "fir_name": "Paramaribo",
    "acc_name": "Paramaribo ACC",
    "type": "",
    "country": "Suriname"
  },
  {
    "icao_code": "SOOO",
    "fir_name": "Rochambeau",
    "acc_name": "Rochambeau ACC",
    "type": "",
    "country": "French Guiana ( France)"
  },
  {
    "icao_code": "SPIM",
    "fir_name": "Lima",
    "acc_name": "Lima ACC",
    "type": "",
    "country": "Peru"
  },
  {
    "icao_code": "SUEO",
    "fir_name": "Montevideo",
    "acc_name": "Montevideo ACC",
    "type": "",
    "country": "Uruguay"
  },
  {
    "icao_code": "SVZM",
    "fir_name": "Maiquetia",
    "acc_name": "Maiquetia ACC",
    "type": "",
    "country": "Venezuela"
  },
  {
    "icao_code": "SYGC",
    "fir_name": "Georgetown",
    "acc_name": "Georgetown ACC",
    "type": "",
    "country": "Guyana"
  },
  {
    "icao_code": "TJZS",
    "fir_name": "San Juan",
    "acc_name": "San Juan ACC",
    "type": "",
    "country": "Anguilla ( United Kingdom)/ British Virgin Islands ( United Kingdom)/ Puerto Rico ( United States)/ Sint Maarten ( Netherlands)"
  },
  {
    "icao_code": "TNCF",
    "fir_name": "Curaçao",
    "acc_name": "Curaçao ACC",
    "type": "",
    "country": "Aruba/ Curaçao ( Netherlands)/ Caribbean Netherlands ( Netherlands)"
  },
  {
    "icao_code": "TTZP[13]",
    "fir_name": "Piarco",
    "acc_name": "Piarco ACC",
    "type": "",
    "country": "Barbados/ Dominica/ Grenada/ Guadeloupe ( France)/ Saint Kitts and Nevis/ Saint Lucia/ Trinidad and Tobago/ Saint Vincent and the Grenadines"
  },
  {
    "icao_code": "UAAA",
    "fir_name": "Almaty",
    "acc_name": "Almaty ACC",
    "type": "",
    "country": "Kazakhstan"
  },
  {
    "icao_code": "UACN",
    "fir_name": "Astana",
    "acc_name": "Astana ACC",
    "type": "",
    "country": "Kazakhstan"
  },
  {
    "icao_code": "UAII",
    "fir_name": "Shymkent",
    "acc_name": "Shymkent ACC",
    "type": "",
    "country": "Kazakhstan"
  },
  {
    "icao_code": "UATT",
    "fir_name": "Aktobe",
    "acc_name": "Aktobe ACC",
    "type": "",
    "country": "Kazakhstan"
  },
  {
    "icao_code": "UBBA",
    "fir_name": "Baku",
    "acc_name": "Baku ACC",
    "type": "",
    "country": "Azerbaijan"
  },
  {
    "icao_code": "UCFM",
    "fir_name": "Bishkek",
    "acc_name": "Bishkek ACC",
    "type": "",
    "country": "Kyrgyzstan"
  },
  {
    "icao_code": "UCFO",
    "fir_name": "Osh",
    "acc_name": "Osh ACC",
    "type": "",
    "country": "Kyrgyzstan"
  },
  {
    "icao_code": "UDDD",
    "fir_name": "Yerevan",
    "acc_name": "Yerevan ACC",
    "type": "",
    "country": "Armenia"
  },
  {
    "icao_code": "UEEE",
    "fir_name": "Yakutsk[14]",
    "acc_name": "Yakutsk ACC",
    "type": "",
    "country": "Russian Federation"
  },
  {
    "icao_code": "UGGG",
    "fir_name": "Tbilisi",
    "acc_name": "Tbilisi ACC",
    "type": "",
    "country": "Georgia"
  },
  {
    "icao_code": "UHHH",
    "fir_name": "Khabarovsk[14]",
    "acc_name": "Khabarovsk ACC",
    "type": "",
    "country": "Russian Federation"
  },
  {
    "icao_code": "UHMM",
    "fir_name": "Magadan[14]",
    "acc_name": "Magadan ACC",
    "type": "Oceanic",
    "country": "Russian Federation"
  },
  {
    "icao_code": "UHPP",
    "fir_name": "Petropavlovsk-Kamchatsky[14]",
    "acc_name": "Petropavlovsk-Kamchatsky ACC",
    "type": "",
    "country": "Russian Federation"
  },
  {
    "icao_code": "UIII",
    "fir_name": "Irkutsk[14]",
    "acc_name": "Irkutsk ACC",
    "type": "",
    "country": "Russian Federation"
  },
  {
    "icao_code": "UKBV",
    "fir_name": "Kyiv",
    "acc_name": "Kyiv ACC",
    "type": "",
    "country": "Ukraine"
  },
  {
    "icao_code": "UKDV",
    "fir_name": "Dnipro",
    "acc_name": "Dnipro ACC",
    "type": "",
    "country": "Ukraine"
  },
  {
    "icao_code": "UKFV / URFV",
    "fir_name": "Simferopol",
    "acc_name": "Simferopol ACC",
    "type": "",
    "country": "Ukraine (de-jure) /  Russian Federation (de-facto)[14]"
  },
  {
    "icao_code": "UKLV",
    "fir_name": "Lviv",
    "acc_name": "Lviv ACC",
    "type": "",
    "country": "Ukraine"
  },
  {
    "icao_code": "UKOV",
    "fir_name": "Odesa",
    "acc_name": "Odesa ACC",
    "type": "",
    "country": "Ukraine"
  },
  {
    "icao_code": "ULLL",
    "fir_name": "Sankt-Peterburg[14]",
    "acc_name": "Sankt-Peterburg ACC",
    "type": "Oceanic",
    "country": "Russian Federation"
  },
  {
    "icao_code": "UMKK",
    "fir_name": "Kaliningrad[14]",
    "acc_name": "Kaliningrad ACC",
    "type": "",
    "country": "Russian Federation"
  },
  {
    "icao_code": "UMMV",
    "fir_name": "Minsk",
    "acc_name": "Minsk ACC",
    "type": "",
    "country": "Belarus"
  },
  {
    "icao_code": "UNKL",
    "fir_name": "Krasnoyarsk[14]",
    "acc_name": "Krasnoyarsk ACC",
    "type": "",
    "country": "Russian Federation"
  },
  {
    "icao_code": "UNNT",
    "fir_name": "Novosibirsk[14]",
    "acc_name": "Novosibirsk ACC",
    "type": "",
    "country": "Russian Federation"
  },
  {
    "icao_code": "URRV",
    "fir_name": "Rostov-Na-Donu[14]",
    "acc_name": "Rostov-Na-Donu ACC",
    "type": "",
    "country": "Russian Federation"
  },
  {
    "icao_code": "USSV",
    "fir_name": "Yekaterinburg[14]",
    "acc_name": "Yekaterinburg ACC",
    "type": "",
    "country": "Russian Federation"
  },
  {
    "icao_code": "USTV",
    "fir_name": "Tyumen[14]",
    "acc_name": "Tyumen ACC",
    "type": "",
    "country": "Russian Federation"
  },
  {
    "icao_code": "UTAA",
    "fir_name": "Ashgabat",
    "acc_name": "Ashgabat ACC",
    "type": "",
    "country": "Turkmenistan"
  },
  {
    "icao_code": "UTAK",
    "fir_name": "Turkmenbashi",
    "acc_name": "Turkmenbashi ACC",
    "type": "",
    "country": "Turkmenistan"
  },
  {
    "icao_code": "UTAT",
    "fir_name": "Dashoguz",
    "acc_name": "Dashoguz ACC",
    "type": "",
    "country": "Turkmenistan"
  },
  {
    "icao_code": "UTAV",
    "fir_name": "Turkmenabat",
    "acc_name": "Turkmenabat ACC",
    "type": "",
    "country": "Turkmenistan"
  },
  {
    "icao_code": "UTDD",
    "fir_name": "Dushanbe",
    "acc_name": "Dushanbe ACC",
    "type": "",
    "country": "Tajikistan"
  },
  {
    "icao_code": "UTSD",
    "fir_name": "Samarkand",
    "acc_name": "Samarkand ACC",
    "type": "",
    "country": "Uzbekistan"
  },
  {
    "icao_code": "UTTR",
    "fir_name": "Tashkent",
    "acc_name": "Tashkent ACC",
    "type": "",
    "country": "Uzbekistan"
  },
  {
    "icao_code": "UUWV",
    "fir_name": "Moscow[14]",
    "acc_name": "Moscow ACC",
    "type": "",
    "country": "Russian Federation"
  },
  {
    "icao_code": "UWWW",
    "fir_name": "Samara[14]",
    "acc_name": "Samara ACC",
    "type": "",
    "country": "Russian Federation"
  },
  {
    "icao_code": "VABF",
    "fir_name": "Mumbai",
    "acc_name": "Mumbai ACC",
    "type": "",
    "country": "India"
  },
  {
    "icao_code": "VCCC",
    "fir_name": "Colombo",
    "acc_name": "Colombo ACC",
    "type": "",
    "country": "Sri Lanka"
  },
  {
    "icao_code": "VDPF",
    "fir_name": "Phnom Penh",
    "acc_name": "Phnom Penh ACC",
    "type": "",
    "country": "Cambodia"
  },
  {
    "icao_code": "VECF",
    "fir_name": "Kolkata",
    "acc_name": "Kolkata ACC",
    "type": "",
    "country": "Bhutan/ India"
  },
  {
    "icao_code": "VGFR",
    "fir_name": "Dhaka",
    "acc_name": "Dhaka ACC",
    "type": "",
    "country": "Bangladesh"
  },
  {
    "icao_code": "VHHK",
    "fir_name": "Hong Kong",
    "acc_name": "Hong Kong ACC",
    "type": "",
    "country": "Hong Kong"
  },
  {
    "icao_code": "VIDF",
    "fir_name": "Delhi",
    "acc_name": "Delhi ACC",
    "type": "",
    "country": "India"
  },
  {
    "icao_code": "VLVT",
    "fir_name": "Vientiane",
    "acc_name": "Vientiane ACC",
    "type": "",
    "country": "Laos"
  },
  {
    "icao_code": "VNSM",
    "fir_name": "Kathmandu",
    "acc_name": "Kathmandu ACC",
    "type": "",
    "country": "  Nepal"
  },
  {
    "icao_code": "VOMF",
    "fir_name": "Chennai",
    "acc_name": "Chennai ACC",
    "type": "",
    "country": "India"
  },
  {
    "icao_code": "VRMF",
    "fir_name": "Male",
    "acc_name": "Male ACC",
    "type": "",
    "country": "Maldives"
  },
  {
    "icao_code": "VTBB",
    "fir_name": "Bangkok",
    "acc_name": "Bangkok ACC",
    "type": "",
    "country": "Thailand"
  },
  {
    "icao_code": "VVHM",
    "fir_name": "Ho Chi Minh",
    "acc_name": "Ho Chi Minh ACC",
    "type": "",
    "country": "Vietnam"
  },
  {
    "icao_code": "VVHN",
    "fir_name": "Hanoi",
    "acc_name": "Hanoi ACC",
    "type": "",
    "country": "Vietnam"
  },
  {
    "icao_code": "VYYF",
    "fir_name": "Yangon",
    "acc_name": "Yangon ACC",
    "type": "",
    "country": "Myanmar"
  },
  {
    "icao_code": "WAAF",
    "fir_name": "Ujung Pandang",
    "acc_name": "Ujung Pandang ACC",
    "type": "",
    "country": "Indonesia/ Timor Leste"
  },
  {
    "icao_code": "WBFC",
    "fir_name": "Kota Kinabalu",
    "acc_name": "Kota Kinabalu ACC",
    "type": "",
    "country": "Brunei/ Malaysia"
  },
  {
    "icao_code": "WIIF",
    "fir_name": "Jakarta",
    "acc_name": "Jakarta ACC",
    "type": "",
    "country": "Indonesia"
  },
  {
    "icao_code": "WMFC",
    "fir_name": "Kuala Lumpur",
    "acc_name": "Kuala Lumpur ACC",
    "type": "",
    "country": "Malaysia"
  },
  {
    "icao_code": "WSJC",
    "fir_name": "Singapore",
    "acc_name": "Singapore ACC",
    "type": "",
    "country": "Singapore"
  },
  {
    "icao_code": "YBBB",
    "fir_name": "Brisbane",
    "acc_name": "Brisbane ACC",
    "type": "",
    "country": "Australia"
  },
  {
    "icao_code": "YMMM",
    "fir_name": "Melbourne",
    "acc_name": "Melbourne ACC",
    "type": "",
    "country": "Australia"
  },
  {
    "icao_code": "ZBPE",
    "fir_name": "Beijing",
    "acc_name": "Beijing ACC",
    "type": "",
    "country": "China"
  },
  {
    "icao_code": "ZGZU",
    "fir_name": "Guangzhou",
    "acc_name": "Guangzhou ACC",
    "type": "",
    "country": "China"
  },
  {
    "icao_code": "ZHWH",
    "fir_name": "Wuhan",
    "acc_name": "Wuhan ACC",
    "type": "",
    "country": "China"
  },
  {
    "icao_code": "ZJSA",
    "fir_name": "Sanya",
    "acc_name": "Sanya ACC",
    "type": "",
    "country": "China"
  },
  {
    "icao_code": "ZKKP",
    "fir_name": "Pyongyang",
    "acc_name": "Pyongyang ACC",
    "type": "",
    "country": "North Korea"
  },
  {
    "icao_code": "ZLHW",
    "fir_name": "Lanzhou",
    "acc_name": "Lanzhou ACC",
    "type": "",
    "country": "China"
  },
  {
    "icao_code": "ZMUB",
    "fir_name": "Ulaanbaatar",
    "acc_name": "Ulan Bator ACC",
    "type": "",
    "country": "Mongolia"
  },
  {
    "icao_code": "ZPKM",
    "fir_name": "Kunming",
    "acc_name": "Kunming ACC",
    "type": "",
    "country": "China"
  },
  {
    "icao_code": "ZSHA",
    "fir_name": "Shanghai",
    "acc_name": "Shanghai ACC",
    "type": "",
    "country": "China"
  },
  {
    "icao_code": "ZWUQ",
    "fir_name": "Urumqi",
    "acc_name": "Urumqi ACC",
    "type": "",
    "country": "China"
  },
  {
    "icao_code": "ZYSH",
    "fir_name": "Shenyang",
    "acc_name": "Shenyang ACC",
    "type": "",
    "country": "China"
  }
]